Weather,Color Palette,Pattern,Feeling,Clothing Fit,Dress Name,Description
Windy,Neutral,Solid colors,Sophisticated,Standard,Suit,"A formal outfit with a matching jacket and trousers, tailored for a polished and professional look."
Snowy,Bright,Geometric,Casual,Standard,T-Shirt,"A casual, lightweight top with short sleeves, perfect for everyday comfort and style."
Pleasant,Earth,Stripes,Casual,Oversized,Sweater,"A warm knitted top, ideal for layering in cooler weather, available in various fits and styles."
Windy,Pastel,Solid colors,Unique,Standard,Jacket,"A versatile outerwear piece, perfect for protection against the elements while adding style."
Pleasant,Pastel,Stripes,Casual,Standard,Jeans,"A pair of durable denim trousers, offering a classic look suitable for both casual and semi-formal occasions."
Pleasant,Earth,Floral,Sophisticated,Standard,Chinos,"Smart-casual trousers made from lightweight cotton, perfect for a polished yet relaxed look."
Windy,Bright,Stripes,Casual,Loose,Shorts,"A comfortable, knee-length bottom wear, ideal for warm weather and casual outings."
Snowy,Neutral,Stripes,Sophisticated,Oversized,Hoodie,"A cozy, casual top with a hood, offering both comfort and street-style appeal."
Pleasant,Pastel,Solid colors,Unique,Standard,Blazer,"A semi-formal jacket that elevates any outfit, perfect for dinners or office wear."
Windy,Bright,Stripes,Sophisticated,Standard,Polo Shirt,"A short-sleeved shirt with a collar and buttons, offering a blend of casual and smart style."
Pleasant,Pastel,Solid colors,Casual,Standard,Casual Shirt,"A relaxed-fit shirt, perfect for informal gatherings and everyday wear."
Windy,Earth,Geometric,Trendy,Standard,Formal Shirt,"A sleek button-down shirt, ideal for office wear and formal occasions."
Snowy,Bright,Geometric,Unique,Oversized,Cardigan,"A knitted top with buttons or zippers, great for layering and adding warmth."
Windy,Neutral,Stripes,Sophisticated,Standard,Denim Jacket,"A classic and durable jacket made from denim, perfect for casual and rugged looks."
Pleasant,Pastel,Solid colors,Casual,Standard,Bomber Jacket,"A short, stylish jacket with a zip front and elasticized cuffs, suitable for versatile styling."
Snowy,Earth,Solid colors,Unique,Oversized,Trench Coat,"A long, belted coat, ideal for adding sophistication and protection against the rain."
Snowy,Bright,Solid colors,Sophisticated,Loose,Tracksuit,"A coordinated set of jacket and pants, designed for sports or casual lounging."
Windy,Earth,Geometric,Casual,Oversized,Cardigan,"A knitted top with buttons or zippers, great for layering and adding warmth."
Sunny,Bright,Stripes,Casual,Loose,Sweatpants,"Comfortable, casual trousers, perfect for workouts or relaxing at home."
Windy,Bright,Stripes,Unique,Tight,Vest,"A sleeveless garment, often worn as an underlayer or for added style and warmth."
Pleasant,Bright,Stripes,Sophisticated,Standard,Jeans,"A pair of durable denim trousers, offering a classic look suitable for both casual and semi-formal occasions."
Pleasant,Neutral,Stripes,Trendy,Oversized,Hoodie,"A cozy, casual top with a hood, offering both comfort and street-style appeal."
Pleasant,Earth,Stripes,Sophisticated,Standard,Blazer,"A semi-formal jacket that elevates any outfit, perfect for dinners or office wear."
Sunny,Earth,Stripes,Unique,Oversized,Hoodie,"A cozy, casual top with a hood, offering both comfort and street-style appeal."
Sunny,Earth,Stripes,Trendy,Standard,Chinos,"Smart-casual trousers made from lightweight cotton, perfect for a polished yet relaxed look."
Windy,Pastel,Stripes,Sophisticated,Loose,Sweatpants,"Comfortable, casual trousers, perfect for workouts or relaxing at home."
Pleasant,Bright,Stripes,Unique,Oversized,Trench Coat,"A long, belted coat, ideal for adding sophistication and protection against the rain."
Sunny,Pastel,Geometric,Sophisticated,Standard,Jeans,"A pair of durable denim trousers, offering a classic look suitable for both casual and semi-formal occasions."
Pleasant,Bright,Solid colors,Sophisticated,Standard,Denim Jacket,"A classic and durable jacket made from denim, perfect for casual and rugged looks."
Pleasant,Earth,Stripes,Trendy,Oversized,Hoodie,"A cozy, casual top with a hood, offering both comfort and street-style appeal."
Sunny,Neutral,Stripes,Unique,Standard,Jeans,"A pair of durable denim trousers, offering a classic look suitable for both casual and semi-formal occasions."
Pleasant,Neutral,Solid colors,Casual,Oversized,Hoodie,"A cozy, casual top with a hood, offering both comfort and street-style appeal."
Windy,Bright,Solid colors,Unique,Loose,Tracksuit,"A coordinated set of jacket and pants, designed for sports or casual lounging."
Windy,Bright,Geometric,Sophisticated,Loose,Tracksuit,"A coordinated set of jacket and pants, designed for sports or casual lounging."
Pleasant,Bright,Stripes,Casual,Standard,Jeans,"A pair of durable denim trousers, offering a classic look suitable for both casual and semi-formal occasions."
Snowy,Bright,Geometric,Sophisticated,Standard,Blazer,"A semi-formal jacket that elevates any outfit, perfect for dinners or office wear."
Windy,Bright,Floral,Sophisticated,Standard,Denim Jacket,"A classic and durable jacket made from denim, perfect for casual and rugged looks."
Pleasant,Bright,Stripes,Casual,Loose,Shorts,"A comfortable, knee-length bottom wear, ideal for warm weather and casual outings."
Windy,Bright,Stripes,Sophisticated,Loose,Sweatpants,"Comfortable, casual trousers, perfect for workouts or relaxing at home."
Sunny,Neutral,Stripes,Casual,Standard,Polo Shirt,"A short-sleeved shirt with a collar and buttons, offering a blend of casual and smart style."
Snowy,Earth,Solid colors,Sophisticated,Loose,Shorts,"A comfortable, knee-length bottom wear, ideal for warm weather and casual outings."
Windy,Bright,Stripes,Sophisticated,Loose,Shorts,"A comfortable, knee-length bottom wear, ideal for warm weather and casual outings."
Sunny,Bright,Geometric,Trendy,Standard,Formal Shirt,"A sleek button-down shirt, ideal for office wear and formal occasions."
Snowy,Earth,Stripes,Casual,Standard,T-Shirt,"A casual, lightweight top with short sleeves, perfect for everyday comfort and style."
Snowy,Pastel,Geometric,Trendy,Standard,T-Shirt,"A casual, lightweight top with short sleeves, perfect for everyday comfort and style."
Sunny,Neutral,Stripes,Unique,Standard,Bomber Jacket,"A short, stylish jacket with a zip front and elasticized cuffs, suitable for versatile styling."
Pleasant,Bright,Floral,Unique,Standard,Blazer,"A semi-formal jacket that elevates any outfit, perfect for dinners or office wear."
Windy,Bright,Geometric,Sophisticated,Standard,Jacket,"A versatile outerwear piece, perfect for protection against the elements while adding style."
Pleasant,Neutral,Stripes,Trendy,Loose,Sweatpants,"Comfortable, casual trousers, perfect for workouts or relaxing at home."
Snowy,Pastel,Stripes,Unique,Standard,Blazer,"A semi-formal jacket that elevates any outfit, perfect for dinners or office wear."
Snowy,Earth,Geometric,Sophisticated,Standard,T-Shirt,"A casual, lightweight top with short sleeves, perfect for everyday comfort and style."
Sunny,Bright,Stripes,Sophisticated,Standard,Chinos,"Smart-casual trousers made from lightweight cotton, perfect for a polished yet relaxed look."
Snowy,Bright,Geometric,Unique,Loose,Sweatpants,"Comfortable, casual trousers, perfect for workouts or relaxing at home."
Pleasant,Bright,Stripes,Casual,Loose,Tracksuit,"A coordinated set of jacket and pants, designed for sports or casual lounging."
Pleasant,Bright,Solid colors,Unique,Standard,T-Shirt,"A casual, lightweight top with short sleeves, perfect for everyday comfort and style."
Snowy,Bright,Solid colors,Trendy,Standard,Polo Shirt,"A short-sleeved shirt with a collar and buttons, offering a blend of casual and smart style."
Windy,Bright,Solid colors,Sophisticated,Oversized,Cardigan,"A knitted top with buttons or zippers, great for layering and adding warmth."
Windy,Bright,Stripes,Casual,Standard,Jacket,"A versatile outerwear piece, perfect for protection against the elements while adding style."
Sunny,Bright,Geometric,Trendy,Standard,Polo Shirt,"A short-sleeved shirt with a collar and buttons, offering a blend of casual and smart style."
Sunny,Pastel,Geometric,Trendy,Oversized,Hoodie,"A cozy, casual top with a hood, offering both comfort and street-style appeal."
Windy,Pastel,Stripes,Sophisticated,Standard,Blazer,"A semi-formal jacket that elevates any outfit, perfect for dinners or office wear."
Windy,Neutral,Stripes,Trendy,Standard,Casual Shirt,"A relaxed-fit shirt, perfect for informal gatherings and everyday wear."
Pleasant,Earth,Stripes,Casual,Oversized,Sweater,"A warm knitted top, ideal for layering in cooler weather, available in various fits and styles."
Sunny,Bright,Floral,Trendy,Standard,Casual Shirt,"A relaxed-fit shirt, perfect for informal gatherings and everyday wear."
Snowy,Earth,Solid colors,Casual,Oversized,Sweater,"A warm knitted top, ideal for layering in cooler weather, available in various fits and styles."
Pleasant,Bright,Stripes,Casual,Standard,T-Shirt,"A casual, lightweight top with short sleeves, perfect for everyday comfort and style."
Snowy,Pastel,Geometric,Casual,Loose,Sweatpants,"Comfortable, casual trousers, perfect for workouts or relaxing at home."
Windy,Bright,Stripes,Casual,Oversized,Hoodie,"A cozy, casual top with a hood, offering both comfort and street-style appeal."
Windy,Pastel,Stripes,Unique,Standard,Jeans,"A pair of durable denim trousers, offering a classic look suitable for both casual and semi-formal occasions."
Windy,Earth,Geometric,Unique,Oversized,Trench Coat,"A long, belted coat, ideal for adding sophistication and protection against the rain."
Snowy,Bright,Stripes,Casual,Tight,Vest,"A sleeveless garment, often worn as an underlayer or for added style and warmth."
Windy,Earth,Floral,Casual,Standard,Bomber Jacket,"A short, stylish jacket with a zip front and elasticized cuffs, suitable for versatile styling."
Snowy,Neutral,Stripes,Sophisticated,Loose,Shorts,"A comfortable, knee-length bottom wear, ideal for warm weather and casual outings."
Sunny,Bright,Floral,Sophisticated,Standard,Denim Jacket,"A classic and durable jacket made from denim, perfect for casual and rugged looks."
Pleasant,Pastel,Geometric,Casual,Standard,Chinos,"Smart-casual trousers made from lightweight cotton, perfect for a polished yet relaxed look."
Pleasant,Bright,Floral,Casual,Standard,Formal Shirt,"A sleek button-down shirt, ideal for office wear and formal occasions."
Sunny,Bright,Stripes,Unique,Standard,Casual Shirt,"A relaxed-fit shirt, perfect for informal gatherings and everyday wear."
Sunny,Bright,Solid colors,Sophisticated,Standard,Denim Jacket,"A classic and durable jacket made from denim, perfect for casual and rugged looks."
Sunny,Pastel,Stripes,Sophisticated,Standard,Denim Jacket,"A classic and durable jacket made from denim, perfect for casual and rugged looks."
Pleasant,Neutral,Floral,Sophisticated,Loose,Shorts,"A comfortable, knee-length bottom wear, ideal for warm weather and casual outings."
Snowy,Bright,Geometric,Casual,Oversized,Hoodie,"A cozy, casual top with a hood, offering both comfort and street-style appeal."
Snowy,Bright,Geometric,Casual,Standard,Chinos,"Smart-casual trousers made from lightweight cotton, perfect for a polished yet relaxed look."
Windy,Bright,Geometric,Casual,Standard,Chinos,"Smart-casual trousers made from lightweight cotton, perfect for a polished yet relaxed look."
Sunny,Bright,Floral,Casual,Loose,Shorts,"A comfortable, knee-length bottom wear, ideal for warm weather and casual outings."
Pleasant,Bright,Stripes,Sophisticated,Oversized,Cardigan,"A knitted top with buttons or zippers, great for layering and adding warmth."
Pleasant,Neutral,Geometric,Unique,Standard,Casual Shirt,"A relaxed-fit shirt, perfect for informal gatherings and everyday wear."
Sunny,Pastel,Geometric,Trendy,Standard,Jacket,"A versatile outerwear piece, perfect for protection against the elements while adding style."
Pleasant,Neutral,Stripes,Unique,Standard,Blazer,"A semi-formal jacket that elevates any outfit, perfect for dinners or office wear."
Pleasant,Bright,Solid colors,Trendy,Standard,Suit,"A formal outfit with a matching jacket and trousers, tailored for a polished and professional look."
Snowy,Bright,Stripes,Trendy,Standard,Suit,"A formal outfit with a matching jacket and trousers, tailored for a polished and professional look."
Sunny,Bright,Solid colors,Casual,Standard,T-Shirt,"A casual, lightweight top with short sleeves, perfect for everyday comfort and style."
Windy,Bright,Geometric,Casual,Standard,T-Shirt,"A casual, lightweight top with short sleeves, perfect for everyday comfort and style."
Windy,Earth,Solid colors,Sophisticated,Standard,Casual Shirt,"A relaxed-fit shirt, perfect for informal gatherings and everyday wear."
Snowy,Bright,Geometric,Sophisticated,Oversized,Cardigan,"A knitted top with buttons or zippers, great for layering and adding warmth."
Snowy,Bright,Geometric,Unique,Standard,Bomber Jacket,"A short, stylish jacket with a zip front and elasticized cuffs, suitable for versatile styling."
Windy,Earth,Stripes,Sophisticated,Standard,Chinos,"Smart-casual trousers made from lightweight cotton, perfect for a polished yet relaxed look."
Sunny,Bright,Stripes,Unique,Standard,Jeans,"A pair of durable denim trousers, offering a classic look suitable for both casual and semi-formal occasions."
Windy,Pastel,Geometric,Unique,Standard,Jacket,"A versatile outerwear piece, perfect for protection against the elements while adding style."
Sunny,Neutral,Stripes,Sophisticated,Standard,Denim Jacket,"A classic and durable jacket made from denim, perfect for casual and rugged looks."
Sunny,Bright,Stripes,Sophisticated,Loose,Tracksuit,"A coordinated set of jacket and pants, designed for sports or casual lounging."
Windy,Bright,Stripes,Casual,Standard,T-Shirt,"A casual, lightweight top with short sleeves, perfect for everyday comfort and style."
Snowy,Pastel,Geometric,Unique,Oversized,Sweater,"A warm knitted top, ideal for layering in cooler weather, available in various fits and styles."
Sunny,Bright,Stripes,Unique,Oversized,Trench Coat,"A long, belted coat, ideal for adding sophistication and protection against the rain."
Pleasant,Earth,Stripes,Sophisticated,Standard,Suit,"A formal outfit with a matching jacket and trousers, tailored for a polished and professional look."
Sunny,Bright,Geometric,Casual,Oversized,Cardigan,"A knitted top with buttons or zippers, great for layering and adding warmth."
Windy,Bright,Geometric,Sophisticated,Oversized,Trench Coat,"A long, belted coat, ideal for adding sophistication and protection against the rain."
Snowy,Neutral,Solid colors,Sophisticated,Standard,Suit,"A formal outfit with a matching jacket and trousers, tailored for a polished and professional look."
Pleasant,Earth,Geometric,Sophisticated,Standard,Bomber Jacket,"A short, stylish jacket with a zip front and elasticized cuffs, suitable for versatile styling."
Snowy,Bright,Stripes,Unique,Standard,Jacket,"A versatile outerwear piece, perfect for protection against the elements while adding style."
Windy,Earth,Solid colors,Unique,Standard,Casual Shirt,"A relaxed-fit shirt, perfect for informal gatherings and everyday wear."
Pleasant,Earth,Stripes,Casual,Standard,Jeans,"A pair of durable denim trousers, offering a classic look suitable for both casual and semi-formal occasions."
Pleasant,Neutral,Stripes,Casual,Standard,Suit,"A formal outfit with a matching jacket and trousers, tailored for a polished and professional look."
Sunny,Pastel,Geometric,Unique,Tight,Vest,"A sleeveless garment, often worn as an underlayer or for added style and warmth."
Snowy,Bright,Floral,Sophisticated,Standard,Jacket,"A versatile outerwear piece, perfect for protection against the elements while adding style."
Pleasant,Earth,Geometric,Unique,Tight,Vest,"A sleeveless garment, often worn as an underlayer or for added style and warmth."
Snowy,Earth,Stripes,Unique,Loose,Tracksuit,"A coordinated set of jacket and pants, designed for sports or casual lounging."
Sunny,Bright,Geometric,Sophisticated,Oversized,Trench Coat,"A long, belted coat, ideal for adding sophistication and protection against the rain."
Sunny,Bright,Floral,Sophisticated,Standard,Chinos,"Smart-casual trousers made from lightweight cotton, perfect for a polished yet relaxed look."
Windy,Bright,Geometric,Unique,Oversized,Sweater,"A warm knitted top, ideal for layering in cooler weather, available in various fits and styles."
Sunny,Bright,Stripes,Sophisticated,Standard,Formal Shirt,"A sleek button-down shirt, ideal for office wear and formal occasions."
Sunny,Neutral,Stripes,Sophisticated,Loose,Shorts,"A comfortable, knee-length bottom wear, ideal for warm weather and casual outings."
Windy,Bright,Geometric,Sophisticated,Loose,Tracksuit,"A coordinated set of jacket and pants, designed for sports or casual lounging."
Pleasant,Neutral,Stripes,Sophisticated,Oversized,Cardigan,"A knitted top with buttons or zippers, great for layering and adding warmth."
Pleasant,Pastel,Solid colors,Sophisticated,Standard,Jeans,"A pair of durable denim trousers, offering a classic look suitable for both casual and semi-formal occasions."
Windy,Pastel,Geometric,Sophisticated,Tight,Vest,"A sleeveless garment, often worn as an underlayer or for added style and warmth."
Sunny,Bright,Stripes,Sophisticated,Standard,Bomber Jacket,"A short, stylish jacket with a zip front and elasticized cuffs, suitable for versatile styling."
Sunny,Neutral,Geometric,Casual,Oversized,Hoodie,"A cozy, casual top with a hood, offering both comfort and street-style appeal."
Windy,Pastel,Stripes,Casual,Standard,Casual Shirt,"A relaxed-fit shirt, perfect for informal gatherings and everyday wear."
Windy,Neutral,Stripes,Casual,Standard,Jeans,"A pair of durable denim trousers, offering a classic look suitable for both casual and semi-formal occasions."
Sunny,Bright,Geometric,Casual,Standard,Blazer,"A semi-formal jacket that elevates any outfit, perfect for dinners or office wear."
Sunny,Neutral,Solid colors,Casual,Standard,Polo Shirt,"A short-sleeved shirt with a collar and buttons, offering a blend of casual and smart style."
Windy,Neutral,Solid colors,Casual,Standard,Jeans,"A pair of durable denim trousers, offering a classic look suitable for both casual and semi-formal occasions."
Sunny,Bright,Stripes,Casual,Standard,Denim Jacket,"A classic and durable jacket made from denim, perfect for casual and rugged looks."
Windy,Pastel,Solid colors,Trendy,Standard,Formal Shirt,"A sleek button-down shirt, ideal for office wear and formal occasions."
Pleasant,Neutral,Stripes,Trendy,Standard,Jeans,"A pair of durable denim trousers, offering a classic look suitable for both casual and semi-formal occasions."
Windy,Neutral,Solid colors,Casual,Loose,Sweatpants,"Comfortable, casual trousers, perfect for workouts or relaxing at home."
Windy,Neutral,Geometric,Sophisticated,Standard,Suit,"A formal outfit with a matching jacket and trousers, tailored for a polished and professional look."
Sunny,Neutral,Solid colors,Trendy,Loose,Shorts,"A comfortable, knee-length bottom wear, ideal for warm weather and casual outings."
Pleasant,Pastel,Stripes,Unique,Oversized,Hoodie,"A cozy, casual top with a hood, offering both comfort and street-style appeal."
Windy,Neutral,Geometric,Unique,Standard,T-Shirt,"A casual, lightweight top with short sleeves, perfect for everyday comfort and style."
Sunny,Bright,Stripes,Unique,Loose,Shorts,"A comfortable, knee-length bottom wear, ideal for warm weather and casual outings."
Sunny,Neutral,Solid colors,Unique,Standard,T-Shirt,"A casual, lightweight top with short sleeves, perfect for everyday comfort and style."
Sunny,Bright,Solid colors,Unique,Standard,T-Shirt,"A casual, lightweight top with short sleeves, perfect for everyday comfort and style."
Sunny,Bright,Solid colors,Unique,Oversized,Trench Coat,"A long, belted coat, ideal for adding sophistication and protection against the rain."
Pleasant,Neutral,Geometric,Sophisticated,Standard,Chinos,"Smart-casual trousers made from lightweight cotton, perfect for a polished yet relaxed look."
Sunny,Bright,Stripes,Sophisticated,Tight,Vest,"A sleeveless garment, often worn as an underlayer or for added style and warmth."
Windy,Neutral,Geometric,Sophisticated,Loose,Sweatpants,"Comfortable, casual trousers, perfect for workouts or relaxing at home."
Pleasant,Pastel,Geometric,Sophisticated,Standard,T-Shirt,"A casual, lightweight top with short sleeves, perfect for everyday comfort and style."
Sunny,Pastel,Geometric,Sophisticated,Loose,Shorts,"A comfortable, knee-length bottom wear, ideal for warm weather and casual outings."
Pleasant,Neutral,Stripes,Sophisticated,Standard,Formal Shirt,"A sleek button-down shirt, ideal for office wear and formal occasions."
Sunny,Pastel,Geometric,Casual,Oversized,Hoodie,"A cozy, casual top with a hood, offering both comfort and street-style appeal."
Sunny,Pastel,Solid colors,Casual,Loose,Sweatpants,"Comfortable, casual trousers, perfect for workouts or relaxing at home."
Windy,Bright,Geometric,Casual,Standard,Polo Shirt,"A short-sleeved shirt with a collar and buttons, offering a blend of casual and smart style."
Sunny,Bright,Stripes,Casual,Standard,Blazer,"A semi-formal jacket that elevates any outfit, perfect for dinners or office wear."
Windy,Pastel,Stripes,Casual,Oversized,Trench Coat,"A long, belted coat, ideal for adding sophistication and protection against the rain."
Sunny,Bright,Geometric,Casual,Standard,Chinos,"Smart-casual trousers made from lightweight cotton, perfect for a polished yet relaxed look."
Pleasant,Bright,Stripes,Sophisticated,Standard,Jacket,"A versatile outerwear piece, perfect for protection against the elements while adding style."
Sunny,Neutral,Geometric,Trendy,Standard,T-Shirt,"A casual, lightweight top with short sleeves, perfect for everyday comfort and style."
Sunny,Pastel,Geometric,Trendy,Oversized,Cardigan,"A knitted top with buttons or zippers, great for layering and adding warmth."
Sunny,Neutral,Stripes,Trendy,Standard,Denim Jacket,"A classic and durable jacket made from denim, perfect for casual and rugged looks."
Sunny,Bright,Geometric,Sophisticated,Standard,Suit,"A formal outfit with a matching jacket and trousers, tailored for a polished and professional look."
Sunny,Neutral,Geometric,Casual,Standard,Casual Shirt,"A relaxed-fit shirt, perfect for informal gatherings and everyday wear."
Sunny,Neutral,Geometric,Unique,Standard,T-Shirt,"A casual, lightweight top with short sleeves, perfect for everyday comfort and style."
Windy,Neutral,Geometric,Unique,Loose,Shorts,"A comfortable, knee-length bottom wear, ideal for warm weather and casual outings."
Sunny,Bright,Geometric,Unique,Loose,Sweatpants,"Comfortable, casual trousers, perfect for workouts or relaxing at home."
Sunny,Neutral,Geometric,Unique,Standard,Suit,"A formal outfit with a matching jacket and trousers, tailored for a polished and professional look."
Sunny,Bright,Stripes,Unique,Standard,Formal Shirt,"A sleek button-down shirt, ideal for office wear and formal occasions."
Sunny,Neutral,Geometric,Unique,Standard,Suit,"A formal outfit with a matching jacket and trousers, tailored for a polished and professional look."
Pleasant,Bright,Stripes,Sophisticated,Standard,Blazer,"A semi-formal jacket that elevates any outfit, perfect for dinners or office wear."
Windy,Neutral,Stripes,Sophisticated,Standard,Jacket,"A versatile outerwear piece, perfect for protection against the elements while adding style."
Pleasant,Neutral,Stripes,Sophisticated,Standard,Denim Jacket,"A classic and durable jacket made from denim, perfect for casual and rugged looks."
Windy,Bright,Stripes,Sophisticated,Loose,Tracksuit,"A coordinated set of jacket and pants, designed for sports or casual lounging."
Pleasant,Neutral,Stripes,Sophisticated,Standard,Chinos,"Smart-casual trousers made from lightweight cotton, perfect for a polished yet relaxed look."
Pleasant,Neutral,Stripes,Sophisticated,Standard,Blazer,"A semi-formal jacket that elevates any outfit, perfect for dinners or office wear."
Sunny,Neutral,Stripes,Casual,Standard,Casual Shirt,"A relaxed-fit shirt, perfect for informal gatherings and everyday wear."
Windy,Neutral,Stripes,Casual,Standard,Bomber Jacket,"A short, stylish jacket with a zip front and elasticized cuffs, suitable for versatile styling."
Pleasant,Neutral,Stripes,Casual,Oversized,Sweater,"A warm knitted top, ideal for layering in cooler weather, available in various fits and styles."
Sunny,Neutral,Stripes,Casual,Standard,Denim Jacket,"A classic and durable jacket made from denim, perfect for casual and rugged looks."
Sunny,Pastel,Stripes,Casual,Tight,Vest,"A sleeveless garment, often worn as an underlayer or for added style and warmth."
Sunny,Neutral,Stripes,Casual,Loose,Sweatpants,"Comfortable, casual trousers, perfect for workouts or relaxing at home."
Sunny,Neutral,Stripes,Trendy,Loose,Sweatpants,"Comfortable, casual trousers, perfect for workouts or relaxing at home."
Sunny,Pastel,Stripes,Trendy,Standard,Jacket,"A versatile outerwear piece, perfect for protection against the elements while adding style."
Sunny,Neutral,Stripes,Sophisticated,Standard,Jacket,"A versatile outerwear piece, perfect for protection against the elements while adding style."
Windy,Pastel,Stripes,Trendy,Oversized,Hoodie,"A cozy, casual top with a hood, offering both comfort and street-style appeal."
Sunny,Neutral,Stripes,Casual,Standard,Jacket,"A versatile outerwear piece, perfect for protection against the elements while adding style."
Pleasant,Pastel,Stripes,Casual,Standard,T-Shirt,"A casual, lightweight top with short sleeves, perfect for everyday comfort and style."
Sunny,Bright,Stripes,Unique,Loose,Tracksuit,"A coordinated set of jacket and pants, designed for sports or casual lounging."
Sunny,Neutral,Stripes,Unique,Loose,Tracksuit,"A coordinated set of jacket and pants, designed for sports or casual lounging."
Sunny,Bright,Stripes,Unique,Standard,Denim Jacket,"A classic and durable jacket made from denim, perfect for casual and rugged looks."
Windy,Neutral,Stripes,Unique,Oversized,Hoodie,"A cozy, casual top with a hood, offering both comfort and street-style appeal."
Windy,Bright,Stripes,Unique,Standard,Chinos,"Smart-casual trousers made from lightweight cotton, perfect for a polished yet relaxed look."
Sunny,Pastel,Stripes,Unique,Standard,Denim Jacket,"A classic and durable jacket made from denim, perfect for casual and rugged looks."
Sunny,Pastel,Stripes,Sophisticated,Standard,Jeans,"A pair of durable denim trousers, offering a classic look suitable for both casual and semi-formal occasions."
Sunny,Pastel,Floral,Sophisticated,Standard,Polo Shirt,"A short-sleeved shirt with a collar and buttons, offering a blend of casual and smart style."
Pleasant,Bright,Floral,Sophisticated,Oversized,Cardigan,"A knitted top with buttons or zippers, great for layering and adding warmth."
Pleasant,Neutral,Floral,Sophisticated,Oversized,Cardigan,"A knitted top with buttons or zippers, great for layering and adding warmth."
Windy,Neutral,Solid colors,Sophisticated,Standard,Suit,"A formal outfit with a matching jacket and trousers, tailored for a polished and professional look."
Sunny,Neutral,Solid colors,Sophisticated,Standard,Suit,"A formal outfit with a matching jacket and trousers, tailored for a polished and professional look."
Sunny,Neutral,Stripes,Casual,Standard,Casual Shirt,"A relaxed-fit shirt, perfect for informal gatherings and everyday wear."
Sunny,Pastel,Floral,Casual,Loose,Tracksuit,"A coordinated set of jacket and pants, designed for sports or casual lounging."
Windy,Pastel,Floral,Casual,Oversized,Cardigan,"A knitted top with buttons or zippers, great for layering and adding warmth."
Windy,Neutral,Stripes,Casual,Standard,T-Shirt,"A casual, lightweight top with short sleeves, perfect for everyday comfort and style."
Sunny,Neutral,Stripes,Casual,Loose,Sweatpants,"Comfortable, casual trousers, perfect for workouts or relaxing at home."
Windy,Neutral,Floral,Casual,Standard,Polo Shirt,"A short-sleeved shirt with a collar and buttons, offering a blend of casual and smart style."
Windy,Neutral,Floral,Sophisticated,Standard,Chinos,"Smart-casual trousers made from lightweight cotton, perfect for a polished yet relaxed look."
Sunny,Bright,Floral,Trendy,Standard,Casual Shirt,"A relaxed-fit shirt, perfect for informal gatherings and everyday wear."
Windy,Pastel,Floral,Sophisticated,Standard,T-Shirt,"A casual, lightweight top with short sleeves, perfect for everyday comfort and style."
Sunny,Neutral,Floral,Sophisticated,Standard,Jacket,"A versatile outerwear piece, perfect for protection against the elements while adding style."
Sunny,Neutral,Solid colors,Sophisticated,Standard,Chinos,"Smart-casual trousers made from lightweight cotton, perfect for a polished yet relaxed look."
Pleasant,Pastel,Floral,Trendy,Standard,Bomber Jacket,"A short, stylish jacket with a zip front and elasticized cuffs, suitable for versatile styling."
Sunny,Neutral,Floral,Unique,Standard,Blazer,"A semi-formal jacket that elevates any outfit, perfect for dinners or office wear."
Windy,Neutral,Solid colors,Unique,Loose,Shorts,"A comfortable, knee-length bottom wear, ideal for warm weather and casual outings."
Windy,Pastel,Stripes,Unique,Oversized,Cardigan,"A knitted top with buttons or zippers, great for layering and adding warmth."
Pleasant,Neutral,Stripes,Unique,Standard,T-Shirt,"A casual, lightweight top with short sleeves, perfect for everyday comfort and style."
Sunny,Bright,Stripes,Unique,Standard,Blazer,"A semi-formal jacket that elevates any outfit, perfect for dinners or office wear."
Sunny,Bright,Stripes,Unique,Standard,T-Shirt,"A casual, lightweight top with short sleeves, perfect for everyday comfort and style."
Pleasant,Pastel,Geometric,Sophisticated,Standard,Bomber Jacket,"A short, stylish jacket with a zip front and elasticized cuffs, suitable for versatile styling."
Windy,Neutral,Solid colors,Sophisticated,Loose,Sweatpants,"Comfortable, casual trousers, perfect for workouts or relaxing at home."
Pleasant,Pastel,Stripes,Sophisticated,Standard,Denim Jacket,"A classic and durable jacket made from denim, perfect for casual and rugged looks."
Sunny,Neutral,Solid colors,Sophisticated,Standard,Jacket,"A versatile outerwear piece, perfect for protection against the elements while adding style."
Windy,Pastel,Geometric,Sophisticated,Tight,Vest,"A sleeveless garment, often worn as an underlayer or for added style and warmth."
Sunny,Bright,Solid colors,Sophisticated,Oversized,Trench Coat,"A long, belted coat, ideal for adding sophistication and protection against the rain."
Sunny,Bright,Solid colors,Casual,Loose,Sweatpants,"Comfortable, casual trousers, perfect for workouts or relaxing at home."
Pleasant,Neutral,Geometric,Casual,Standard,Chinos,"Smart-casual trousers made from lightweight cotton, perfect for a polished yet relaxed look."
Sunny,Neutral,Solid colors,Casual,Standard,Denim Jacket,"A classic and durable jacket made from denim, perfect for casual and rugged looks."
Sunny,Pastel,Geometric,Casual,Oversized,Hoodie,"A cozy, casual top with a hood, offering both comfort and street-style appeal."
Sunny,Pastel,Stripes,Casual,Tight,Vest,"A sleeveless garment, often worn as an underlayer or for added style and warmth."
Sunny,Pastel,Solid colors,Casual,Standard,Denim Jacket,"A classic and durable jacket made from denim, perfect for casual and rugged looks."
Sunny,Neutral,Geometric,Trendy,Standard,Jacket,"A versatile outerwear piece, perfect for protection against the elements while adding style."
Sunny,Pastel,Geometric,Trendy,Standard,Polo Shirt,"A short-sleeved shirt with a collar and buttons, offering a blend of casual and smart style."
Sunny,Bright,Stripes,Sophisticated,Standard,Denim Jacket,"A classic and durable jacket made from denim, perfect for casual and rugged looks."
Sunny,Neutral,Geometric,Trendy,Tight,Vest,"A sleeveless garment, often worn as an underlayer or for added style and warmth."
Sunny,Neutral,Geometric,Trendy,Loose,Sweatpants,"Comfortable, casual trousers, perfect for workouts or relaxing at home."
Windy,Neutral,Geometric,Casual,Standard,Denim Jacket,"A classic and durable jacket made from denim, perfect for casual and rugged looks."
Sunny,Neutral,Stripes,Unique,Standard,Suit,"A formal outfit with a matching jacket and trousers, tailored for a polished and professional look."
Sunny,Bright,Solid colors,Unique,Standard,Suit,"A formal outfit with a matching jacket and trousers, tailored for a polished and professional look."
Sunny,Neutral,Solid colors,Unique,Loose,Shorts,"A comfortable, knee-length bottom wear, ideal for warm weather and casual outings."
Sunny,Bright,Stripes,Unique,Standard,Bomber Jacket,"A short, stylish jacket with a zip front and elasticized cuffs, suitable for versatile styling."
Sunny,Bright,Geometric,Unique,Standard,Chinos,"Smart-casual trousers made from lightweight cotton, perfect for a polished yet relaxed look."
Sunny,Neutral,Solid colors,Unique,Oversized,Hoodie,"A cozy, casual top with a hood, offering both comfort and street-style appeal."
Sunny,Neutral,Solid colors,Sophisticated,Standard,Denim Jacket,"A classic and durable jacket made from denim, perfect for casual and rugged looks."
Sunny,Pastel,Geometric,Sophisticated,Standard,Formal Shirt,"A sleek button-down shirt, ideal for office wear and formal occasions."
Pleasant,Pastel,Geometric,Sophisticated,Standard,Jeans,"A pair of durable denim trousers, offering a classic look suitable for both casual and semi-formal occasions."
Pleasant,Bright,Geometric,Sophisticated,Standard,Casual Shirt,"A relaxed-fit shirt, perfect for informal gatherings and everyday wear."
Sunny,Bright,Stripes,Sophisticated,Standard,Casual Shirt,"A relaxed-fit shirt, perfect for informal gatherings and everyday wear."
Sunny,Pastel,Stripes,Sophisticated,Oversized,Hoodie,"A cozy, casual top with a hood, offering both comfort and street-style appeal."
Windy,Bright,Solid colors,Casual,Loose,Tracksuit,"A coordinated set of jacket and pants, designed for sports or casual lounging."
Pleasant,Neutral,Stripes,Casual,Loose,Shorts,"A comfortable, knee-length bottom wear, ideal for warm weather and casual outings."
Pleasant,Pastel,Stripes,Casual,Standard,Suit,"A formal outfit with a matching jacket and trousers, tailored for a polished and professional look."
Sunny,Pastel,Geometric,Casual,Standard,Suit,"A formal outfit with a matching jacket and trousers, tailored for a polished and professional look."
Pleasant,Neutral,Geometric,Casual,Standard,Suit,"A formal outfit with a matching jacket and trousers, tailored for a polished and professional look."
Windy,Neutral,Geometric,Casual,Standard,Blazer,"A semi-formal jacket that elevates any outfit, perfect for dinners or office wear."
Windy,Neutral,Geometric,Sophisticated,Loose,Shorts,"A comfortable, knee-length bottom wear, ideal for warm weather and casual outings."
Windy,Bright,Geometric,Casual,Standard,Formal Shirt,"A sleek button-down shirt, ideal for office wear and formal occasions."
Sunny,Neutral,Stripes,Trendy,Oversized,Cardigan,"A knitted top with buttons or zippers, great for layering and adding warmth."
Windy,Neutral,Geometric,Trendy,Loose,Sweatpants,"Comfortable, casual trousers, perfect for workouts or relaxing at home."
Pleasant,Pastel,Solid colors,Trendy,Standard,Jeans,"A pair of durable denim trousers, offering a classic look suitable for both casual and semi-formal occasions."
Pleasant,Pastel,Geometric,Casual,Loose,Tracksuit,"A coordinated set of jacket and pants, designed for sports or casual lounging."
Windy,Neutral,Solid colors,Unique,Standard,Denim Jacket,"A classic and durable jacket made from denim, perfect for casual and rugged looks."
Sunny,Pastel,Geometric,Unique,Standard,Blazer,"A semi-formal jacket that elevates any outfit, perfect for dinners or office wear."
Sunny,Neutral,Geometric,Unique,Standard,Jacket,"A versatile outerwear piece, perfect for protection against the elements while adding style."
Sunny,Bright,Solid colors,Unique,Loose,Sweatpants,"Comfortable, casual trousers, perfect for workouts or relaxing at home."
Sunny,Bright,Geometric,Unique,Standard,Casual Shirt,"A relaxed-fit shirt, perfect for informal gatherings and everyday wear."
Windy,Neutral,Geometric,Unique,Standard,Formal Shirt,"A sleek button-down shirt, ideal for office wear and formal occasions."
Windy,Bright,Stripes,Sophisticated,Standard,T-Shirt,"A casual, lightweight top with short sleeves, perfect for everyday comfort and style."
Windy,Bright,Solid colors,Sophisticated,Standard,Suit,"A formal outfit with a matching jacket and trousers, tailored for a polished and professional look."
Sunny,Bright,Geometric,Sophisticated,Standard,Chinos,"Smart-casual trousers made from lightweight cotton, perfect for a polished yet relaxed look."
Windy,Bright,Solid colors,Sophisticated,Standard,Jeans,"A pair of durable denim trousers, offering a classic look suitable for both casual and semi-formal occasions."
Sunny,Bright,Geometric,Sophisticated,Standard,Jacket,"A versatile outerwear piece, perfect for protection against the elements while adding style."
Windy,Bright,Solid colors,Sophisticated,Standard,Casual Shirt,"A relaxed-fit shirt, perfect for informal gatherings and everyday wear."
